InputSetName,A12,A13,A14,A15,A16,A17,A18,A19,A20,A21,A22,A23,A24,A25,A26,A27
INVAR-1,1,1,1,1,1,1,1,1,1,1,1,1,1,1,1,1
INVAR-2,2,2,2,2,2,2,2,2,2,2,2,2,2,2,2,2
INVAR-3,3,3,3,3,3,3,3,3,3,3,3,3,3,3,3,3
INVAR-4,4,4,4,4,4,4,4,4,4,4,4,4,4,4,4,4
INVAR-5,5,5,5,5,5,5,5,5,5,5,5,5,5,5,5,5
INVAR-6,6,6,6,6,6,6,6,6,6,6,6,6,6,6,6,6
INVAR-7,7,7,7,7,7,7,7,7,7,7,7,7,7,7,7,7
INVAR-8,8,8,8,8,8,8,8,8,8,8,8,8,8,8,8,8
INVAR-9,9,9,9,9,9,9,9,9,9,9,9,9,9,9,9,9
INVAR-10,10,10,10,10,10,10,10,10,10,10,10,10,10,10,10,10
INVAR-11,11,11,11,11,11,11,11,11,11,11,11,11,11,11,11,11
INVAR-12,12,12,12,12,12,12,12,12,12,12,12,12,12,12,12,12
INVAR-13,13,13,13,13,13,13,13,13,13,13,13,13,13,13,13,13
INVAR-14,14,14,14,14,14,14,14,14,14,14,14,14,14,14,14,14
