InputSetName,A4,A5,A6,A7,A8,A9
INVAR-1,1,1,1,1,1,1
INVAR-2,2,2,2,2,2,2
INVAR-3,3,3,3,3,3,3
INVAR-4,4,4,4,4,4,4
INVAR-5,5,5,5,5,5,5
INVAR-6,6,6,6,6,6,6
INVAR-7,7,7,7,7,7,7
INVAR-8,8,8,8,8,8,8
INVAR-9,9,9,9,9,9,9
INVAR-10,10,10,10,10,10,10
